{
  "id": "ppeliculas",
  "name": "Ppeliculas",
  "thumbnail": "ppeliculas.png",

  "active": true,

  "searchable": true,
  "search_types": ["all", "movie", "tvshow"],

  "categories": ["movie", "tvshow"],
  "language": ["cast", "lat", "vose"],

  "clusters": ["news", "rankings", "lasts", "kids", "docs", "vos"],

  "notes": "Películas por géneros y Series en Castellano, Latino y SubtituladasPuede requerir el uso de proxies en función del país/operadora desde el que se accede."
}
